{"active":25, "names":["H2", "H", "O", "O2", "OH", "H2O", "HO2", "H2O2", "C", "CH", "CH2", "CH2(S)", "CH3", "CH4", "CO", "CO2", "HCO", "CH2O", "CH2OH", "CH3O", "C2H3", "C2H6", "HCCO", "CH2CHO", "CH3CHO", "N2", "AR"], "molar_mass":[0.002016, 0.001008, 0.015999, 0.031998, 0.017006999999999998, 0.018015, 0.033006, 0.034013999999999996, 0.012010999999999999, 0.013019, 0.014027, 0.014027, 0.015035, 0.016042999999999998, 0.02801, 0.044009, 0.029018, 0.030025999999999997, 0.031034, 0.031034, 0.027045999999999997, 0.03007, 0.041028999999999996, 0.043045, 0.044052999999999995, 0.0280134, 0.03995]
