{"active":34, "names":["H2", "H", "O", "O2", "OH", "H2O", "HO2", "H2O2", "CH4", "CO2", "CO", "CH2", "CH2(S)", "CH3", "HCO", "CH2O", "CH3O", "C2H6", "CH2CO", "C", "CH", "CH2OH", "CH3OH", "C2H", "C2H2", "C2H3", "C2H4", "C2H5", "HCCO", "HCCOH", "C3H7", "C3H8", "CH2CHO", "CH3CHO", "N2"], "molar_mass":[0.002016, 0.001008, 0.015999, 0.031998, 0.017006999999999998, 0.018015, 0.033006, 0.034013999999999996, 0.016042999999999998, 0.044009, 0.02801, 0.014027, 0.014027, 0.015035, 0.029018, 0.030025999999999997, 0.031034, 0.03007, 0.042037, 0.012010999999999999, 0.013019, 0.031034, 0.032042, 0.025029999999999997, 0.026038, 0.027045999999999997, 0.028054, 0.029061999999999998, 0.041028999999999996, 0.042037, 0.043089, 0.044097000000000004, 0.043045, 0.044052999999999995, 0.0280134]
