{"active":8, "names":["H2", "O2", "H2O", "H", "O", "OH", "HO2", "H2O2", "N2"], "molar_mass":[0.002016, 0.031998, 0.018015, 0.001008, 0.015999, 0.017006999999999998, 0.033006, 0.034013999999999996, 0.0280134]
